{"cameraMode":{"drawMode":0,"name":"Shaded","section":"Shading Mode"},"sceneLighting":false,"audioPlay":false,"sceneViewState":{"showFog":true,"showMaterialUpdate":false,"showSkybox":false,"showFlares":true,"showImageEffects":true,"showParticleSystems":true},"in2DMode":false,"pivot":{"x":9.5367431640625e-7,"y":0.00009053200483322144,"z":-0.09190988540649414},"rotation":{"x":0.2804162800312042,"y":-0.6564446091651917,"z":0.28845104575157168,"w":0.6381813883781433},"size":46.670249938964847,"orthographic":false}